-86.752554,33.460451,3100 Cahaba Village Plaza, Birmingham,AL,35243, (205) 912-8400,8am to 10pm Monday - Saturday-86.80197,33.3757,3780 Riverchase Village, Hoover,AL,35244, (205) 730-2680,7am to 10pm Seven Days a Week-86.5904161,34.712443,2501 Memorial Pkwy SW, Huntsville,AL,35801, (256) 801-3741,8am to 9pm Seven Days A Week-88.1504613,30.6761375,3968 Airport Blvd, Mobile,AL,36608, (251) 206-7028,8:00 a.m. to 9:00 p.m. Seven days a week-86.1714041,32.3578148,1450 Taylor Rd, Montgomery,AL,36117, (334) 523-2940,8:00am - 9:00pm Mon-Sun-94.1450778,36.1135626,3425 N College Avenue, Fayetteville,AR,72703, (479) 695-5561,STORE: 8am_10pm seven days a week; TAPROOM: 3pm_10pm-92.405983,34.750473,501 Bowman Road, Little Rock,AR,72211, (501) 221-2331,7:30am to 10:0pm. Seven days a week.-111.892393,33.320132,2955 West Ray Road, Chandler,AZ,85224, (480) 821-9447,Open Daily 7:00am -10:00pm-111.6410751,35.1913071,320 S Cambridge Lane, Flagstaff,AZ,86001, (928) 774-5747,Open Daily 7am to 9pm-111.978134,33.584612,10810 N Tatum Blvd, Phoenix,AZ,85028, (602) 569-7600,7am to 10pm seven days a week-112.037912,33.506196,4701 N 20th Street, Phoenix,AZ,85016, (602) 761-4750,7am - 10pm seven days a week-111.927354,33.654928,7111 E Mayo Blvd, Phoenix,AZ,85054, (480) 515-3777,7am to 10pm Seven days a week-111.7852765,34.8629323,1420 West Hwy 89A, Sedona,AZ,86336, (928) 282-6311,8am - 9pm Monday-Saturday-111.929691,33.379517,5120 S Rural Rd, Tempe,AZ,85282, (480) 456-1400,OPEN DAILY - 7am to 10pm Juice Bar open 7am to 9pm.-110.921533,32.235935,3360 E Speedway Blvd, Tucson,AZ,85716, (520) 795-9844,7am - 10pm-110.873985,32.273719,5555 E River Road, Tucson,AZ,85750-1949, (520) 461-1300,7:00 a.m. to 10:00 p.m. Seven days a week.-110.978152,32.335801,7133 N Oracle Rd, Tucson,AZ,85704, (520) 352-0111,7:00 am - 10:00 pm Daily-123.0052198,49.2662909,4420 Lougheed Highway, Burnaby,BC,V5C3Z3, (604) 205-5032,7:00 am to 10:00 pm. Seven days a week-123.0661316,49.2501488,120 East Vancouver, Vancouver,BC,V7L4W8, (604) 983-1014,8:00 am to 10:00 pm. Seven 7 a week-123.133193,49.290233,1675 Robson Street, Vancouver,BC,V6G1C8, (604) 687-5288,7:30 am to 10 pm. Seven days a week-123.156918,49.268388,2285 West 4th Avenue, Vancouver,BC,V6K1N9, (604) 739-6676,7:30am to 10:00 pm. Seven days a week-123.115258,49.264039,510 West 8th Avenue, Vancouver,BC,V5Z1C5, (778) 370-4210,Store hours 7am-10pm/ Allegro Cafe 6am-9pm (Monday to Friday); 7am-9pm (Weekends).-123.376,48.4569895,3587 Blanshard St, Victoria,BC,V8Z0B9, (250) 382-9800,7am to 10pm. Seven days a week-123.142566,49.325598,925 Main St, West Vancouver,BC,BCV7T2Z3, (604) 678-0500,7am to 10pm seven days a week-122.2972036,37.8802485,1025 Gilman Street, Berkeley,CA,94710, (510) 809-8293,8am-10pm seven days a week.-122.259834,37.85609,3000 Telegraph Ave, Berkeley,CA,94705, (510) 649-1333,8am to 10pm seven days a week.-118.397859,34.069018,239 North Crescent Dr, Beverly Hills,CA,90210, (310) 274-3360,7am to 10pm seven days a week-117.8521248,33.9097336,3301 Imperial Hwy, Brea,CA,92823, (714) 528-7400,7:00 a.m. - 10:00 p.m. Daily-118.33714,34.1544,3401 West Olive Avenue, Burbank,CA,91505, (818) 239-5380,7:00am to 10:00pm. Seven days a week-121.93155,37.29278,1690 South Bascom Ave, Campbell,CA,95008, (408) 371-5000,8am to 10pm - 7 days a week-121.963826,36.974335,1710 41st Avenue, Capitola,CA,95010, (831) 464-2900,8am to 9pm seven days a week-122.0584366,37.9744366,2085 Diamond Blvd, Concord,CA,94520, (925) 695-3180,8:00am to 10:00pm. Seven days a week.-122.039909,37.323129,20955 Stevens Creek Blvd, Cupertino,CA,95014, (408) 257-7000,Open 8am-10pm. Coffee-117.250041,32.980821,2600 Via De La Valle, Del Mar,CA,92014, (858) 436-9800,Open 7AM to 10PM daily.-121.8914632,37.7061671,5200 Dublin Blvd, Dublin,CA,94568, (925) 452-2226,8:00 a.m. to 10:00 p.m. Seven days a week. Join us in the Dublin Vine Taproom from 11am to 930pm (also seven days a week)-118.395989,33.904149,760 South Sepulveda Blvd, El Segundo,CA,90245, (310) 333-1900,7:00 am to 10:00 pm. Seven days a week.-121.119582,38.648862,270 Palladio Parkway, Folsom,CA,95630, (916) 984-8500,8am to 9pm Monday-Sunday-121.984129,37.554582,3111 Mowry Avenue, Fremont,CA,94538, (510) 401-5880,8:00 am to 9:00 pm. Seven days a week.-119.805184,36.808548,650 W Shaw Ave, Fresno,CA,93704, (559) 241-0300,7:00am to 9:00pm everyday-118.245595,34.150658,331 North Glendale Ave, Glendale,CA,91206, (818) 548-3695,7am_10pm Seven Days a Week-117.99149,33.732085,7881 Edinger Ave Suite 150, Huntington Beach,CA,92647, (657) 200-4200,7am to 10pm seven days a week-117.751,33.6608,8525 Irvine Center Drive, Irvine,CA,92618, (949) 777-8500,Now Open! Business Hours: 7:00 a.m. - 10:00 p.m. Seven days a week-117.2740021,32.8473015,8825 Villa La Jolla Dr, La Jolla,CA,92037-9994, (858) 642-6700,Open 7AM to 10PM daily.-122.117711,37.892877,3502 Mt Diablo Blvd, Lafayette,CA,94549, (925) 284-5305,7:30am to 9pm seven days a week-117.78397,33.543968,283 Broadway St, Laguna Beach,CA,92651, (949) 376-7888,7am to 9pm seven days a week-117.71374,33.555318,23932 Aliso Creek Road, Laguna Niguel,CA,92677, (949) 900-5830,7am - 10pm seven days a week Rock-It Bar 11am - 9pm-118.1427378,33.830013,3881 Lakewood Blvd [ste A], Long Beach,CA,90808, (562) 548-1840,7:00am to 10:00pm. Seven days a week-118.109317,33.755837,6550 E Pacific Coast Highway, Long Beach,CA,90803, (562) 598-8687,7am to 10pm seven days a week-122.109944,37.399098,4800 El Camino Real, Los Altos,CA,94022, (650) 559-0300,8am to 10pm seven days a week-118.447074,34.061174,1050 S Gayley Ave, Los Angeles,CA,90024, (310) 824-0858,7am to 10pm. Seven days a week-118.437823,34.022916,11666 National Blvd, Los Angeles,CA,90064, (310) 996-8840,7:00 am to 10:00 pm. Seven days a week.-118.467255,34.053543,11737 San Vicente Blvd, Los Angeles,CA,90049, (310) 826-4433,7am to 10pm seven days a week-118.2591674,34.1030806,2520 Glendale Blvd, Los Angeles,CA,90039, (323) 378-3891,8:00am - 11:00pm Seven days a week-118.360365,34.071303,6350 West 3rd Street, Los Angeles,CA,90036, (323) 964-6800,REGULAR STORE HOURS: 7AM to 11PM-118.2577197,34.0459958,788 S Grand Avenue, Los Angeles,CA,90017, (213) 873-4745,Store Hours: 7:00am to 10:00pm. Seven days a week. The Eight Bar Hours: 11am-10pm-121.962677,37.236096,15980 Los Gatos Blvd, Los Gatos,CA,95032, (408) 358-4434,7:00am to 9:00pm. Seven days a week.-122.535859,37.896086,414 Miller Ave, Mill Valley,CA,94941, (415) 381-1200,7AM to 9PM Everyday-122.525693,37.902433,731 East Blithedale, Mill Valley,CA,94941, (415) 381-3900,7:00am to 9:00pm. Seven days a week.-121.900349,36.584438,800 Del Monte Center, Monterey,CA,93940, (831) 333-1600,8am to 9pm seven days a week-122.306463,38.322541,3682 Bel Aire Plaza, Napa,CA,94558, (707) 224-6300,8 AM to 9 PM everyday. Coffee bar-7 AM to 9 PM. Keg & Barrel Room -12 PM to 8 PM (Happy Hour 3:00-5:00)-117.872815,33.614678,415 Newport Center Drive, Newport Beach,CA,92660, (949) 999-8572,7:00 am to 10:00pm. Seven days a Week. Back Bay Tavern 11:00 am to 10:00 pm. Seven days a week.-118.555016,34.274784,19340 Rinaldi Street, Northridge,CA,91326, (818) 363-3933,7 A.M. - 10 P.M. Seven days a week-122.565924,38.10561,790 De Long Avenue, Novato,CA,94945-7005, (415) 878-0455,8AM to 9PM Everyday-122.261018,37.812663,230 Bay Place, Oakland,CA,94612, (510) 834-9800,8am to 10pm seven days a week-119.179542,34.24108,650 Town Center Drive, Oxnard,CA,93036, (805) 751-4300,8am _ 10pm seven days a week-116.4000854,33.7254181,44459 Town Center Way, Palm Desert,CA,92260, (760) 797-8200,7:00 a.m. to 10:00 p.m. Seven days a week.-122.159504,37.442468,774 Emerson Street, Palo Alto,CA,94301, (650) 326-8676,8am to 10pm seven days a week.-118.071868,34.150384,3751 E Foothill Blvd, Pasadena,CA,91107, (626) 351-5994,Open Daily: 7:00am - 10:00pm-118.147593,34.137616,465 South Arroyo Parkway, Pasadena,CA,91105, (626) 204-2266,Open Daily: 7:00am - 10:00pm-122.634196,38.240377,621 E Washington St, Petaluma,CA,94952, (707) 762-9352,8am to 9pm seven days a week-118.4242783,33.974659,12746 West Jefferson Blvd, Playa Vista,CA,90094, (310) 862-9900,7:00am to 10:00pm Everyday-118.388143,33.847252,405 North Pacific Coast Hwy, Redondo Beach,CA,90277, (310) 376-6931,8am to 10pm - Seven days a week-122.231204,37.482327,1250 Jefferson Ave, Redwood City,CA,94062, (650) 367-1400,8am to 10pm. Seven days a week-121.266042,38.766312,1001 Galleria Blvd, Roseville,CA,95678, (916) 781-5300,8am to 9pm Sunday through Thursday. 8am to 10pm Friday and Saturday.-121.363917,38.595698,4315 Arden Way, Sacramento,CA,95864, (916) 488-2800,7am to 9pm seven days a week-117.15804,32.748249,711 University Ave, San Diego,CA,92103, (619) 294-2800,Open 7AM - 10PM daily. 7th Ave Pub: 12PM - 9:30PM daily.-122.455,37.723901,1150 Ocean Ave, San Francisco,CA,94112, (415) 333-7400,8am to 10pm. Seven days a week.-122.42332,37.790103,1765 California St, San Francisco,CA,94109, (415) 674-0500,8 AM _ 10 PM daily-122.427138,37.768408,2001 Market Street, San Francisco,CA,94114, (415) 626-1430,8:00am - 10:00pm Seven days a week-122.430868,37.751889,3950 24th Street, San Francisco,CA,94114, (415) 282-4700,8am to 10pm Seven days a week-122.399641,37.780875,399 4th Street, San Francisco,CA,94107, (415) 618-0066,8am to 10pm seven days a week-122.402679,37.764135,450 Rhode Island St, San Francisco,CA,94107, (415) 552-1155,8am to 10pm-122.453282,37.769486,690 Stanyan Street, San Francisco,CA,94117-3305, (415) 876-6740,8am to 10pm seven days a week-121.877587,37.250446,1146 Blossom Hill Road, San Jose,CA,95118, (408) 266-3700,Open 8:00 AM to 10:00 PM. Seven Days a Week.-121.9051285,37.3325081,777 The Alameda, San Jose,CA,95126, (408) 207-1126,8:00 a.m. to 10:00 p.m. Seven days a week.-120.6886788,35.2518862,1531 Froom Ranch Way, San Luis Obispo,CA,93405, (805) 785-0194,7am - 9pm Seven days a week.-122.291807,37.54445,1010 Park Place, San Mateo,CA,94403, (650) 358-6900,8:00 am to 10:00 pm. Seven days a week.-122.516815,37.970657,340 Third St, San Rafael,CA,94901, (415) 451-6333,7AM to 10PM Everyday-121.960417,37.761562,100 Sunset Drive, San Ramon,CA,94583, (925) 355-9000,7:00 AM to 9:00 PM daily-119.745648,34.440401,3761 State Street, Santa Barbara,CA,93105, (805) 837-6959,7am - 10pm-121.9764449,37.3823011,2732 Augustine Drive, Santa Clara,CA,95054, (408) 562-9162,8:00am - 10:00pm Seven days a week-118.55635,34.412892,24130 Valencia Blvd, Santa Clarita,CA,91355, (661) 260-2377,8:00am - 10:00pm 7 days/wk-122.014158,36.978853,911 Soquel Ave, Santa Cruz,CA,95062, (831) 426-9901,8am to 9pm seven days a week-118.495021,34.032517,1425 Montana Ave, Santa Monica,CA,90403, (310) 576-4707,7am to 10pm seven days a week-118.4662336,34.0220233,2121 Cloverfield Blvd, Santa Monica,CA,90404,  (310) 752-1155,7:00am to 10:00pm Seven days a week-118.481518,34.032861,2201 Wilshire Blvd, Santa Monica,CA,90403, (310) 315-0662,7am to 10pm seven days a week-122.673922,38.442259,1181 Yulupa Ave, Santa Rosa,CA,95405, (707) 575-7915,8am to 9pm seven days a week-122.731642,38.458116,390 Coddingtown Mall, Santa Rosa,CA,95401, (707) 542-7411,8 a.m. to 10 p.m. daily-122.823604,38.403669,6910 McKinley St, Sebastopol,CA,95472, (707) 829-9801,8am to 9pm seven days a week-118.414041,34.157793,12905 Riverside Drive, Sherman Oaks,CA,91423, (818) 762-5548,7 am to 10 pm - Seven days a week-118.46668,34.152025,4520 N Sepulveda Blvd, Sherman Oaks,CA,91403, (818) 382-3700,7am to 10pm Seven days a week-122.461512,38.292113,201 W Napa St, Sonoma,CA,95476, (707) 938-8500,We are open 7am-9pm every day!-118.540809,34.170686,18700 Ventura Blvd, Tarzana,CA,91356, (818) 578-7840,7am to 11pm - 7 Days a Week-118.874357,34.18832,740 North Moorpark Rd, Thousand Oaks,CA,91360, (805) 777-4730,8am to 10pm- 7 Days A Week-118.332357,33.791554,2655 Pacific Coast Hwy, Torrance,CA,90505, (310) 257-8700,8:00am to 10:00pm seven days a week-117.823746,33.698041,2847 Park Avenue, Tustin,CA,92782, (714) 566-7650,7am to 10pm seven days a week-117.6915896,34.121655,2153 W Baseline Rd, Upland,CA,91784, (909) 579-2670,7:00am to 10:00pm Daily-118.470077,34.001582,225 Lincoln Blvd, Venice,CA,90291, (310) 566-9480,6:30am to 10pm. Seven days a week.-122.055191,37.893605,1333 Newell Ave, Walnut Creek,CA,94596, (925) 274-9700,8:00am to 10pm daily-122.015358,37.9259262,2941 Ygnacio Valley Rd, Walnut Creek,CA,94598, (925) 269-9010,8:00 a.m. to 9:00 p.m. Seven days a week.-118.360909,34.090968,7871 Santa Monica Blvd, West Hollywood,CA,90046, (323) 848-4200,7am to 11pm seven days a week-118.596427,34.167794,21347 Ventura Blvd, Woodland Hills,CA,91364, (818) 610-0000,7am to 10pm Seven days a week-107.083317,39.387458,340 Reed Street, Basalt,CO,81621, (970) 927-1500,7:30am-9pm-105.280914,40.025648,1275 Alpine Ave, Boulder,CO,80304, (303) 443-1354,Open 7am to 10pm-105.255818,40.023006,2905 Pearl St, Boulder,CO,80301, (303) 545-6611,Open 7am to 10pm-104.961243,39.593956,6853 South York Street, Centennial,CO,80122, (303) 996-3660,Open 7am-10pm-104.799301,38.941868,7635 North Academy Blvd, Colorado Springs,CO,80920-3207, (719) 531-9999,Open 7:30am-9:30pm-104.979418,39.696271,1111 S Washington Street, Denver,CO,80210, (303) 733-6201,Open 7am to 10pm-105.00136,39.75448,1701 Wewatta Street, Denver,CO,80202, (720) 572-8800,7:00am to 10:00pm. Seven days a week.-104.958456,39.718419,2375 E 1st Ave, Denver,CO,80206, (720) 941-4100,Open 7am to 10pm-104.901539,39.653048,7400 E Hampden Ave, Denver,CO,80231, (303) 488-2000,Open 7am to 10pm-105.077298,40.55901,2201 S College Ave, Fort Collins,CO,80525, (970) 267-9200,Open 7am to 10pm-106.0978088,39.5900803,261 Lusher Court, Frisco,CO,80443, (970) 668-9400,Open 8am to 9pm-104.940484,39.700966,870 S Colorado Blvd, Glendale,CO,80246, (303) 691-0101,Open 7am to 10pm-105.162581,39.733211,14357 W Colfax Ave, Golden,CO,80401, (303) 277-1339,Open 7:30am-9:30pm-104.943541,39.545698,9366 S Colorado Blvd, Highlands Ranch,CO,80126, (303) 470-6003,Open 8am-9pm-105.081364,39.707805,444 S Wadsworth Blvd, Lakewood,CO,80226, (303) 935-5000,Open 7:30 am to 10 pm-105.092259,39.623243,5155 S Wadsworth Blvd, Littleton,CO,80123-2217, (303) 586-5220,Open 7:30 am to 9:00 pm daily-105.1287155,40.1454277,1250 South Hover Road, Longmont,CO,80501, (720) 438-2550,8:00am - 9:00pm Seven days a week-105.169827,39.956474,303 Marshall Rd, Superior,CO,80027, (720) 274-1415,Open 8am-9:30pm-105.0381012,39.9128799,4451 Main St, Westminster,CO,80031, (303) 439-7000,8am to 9:30pm-73.474901,41.37864,5C Sugar Hollow Road, Danbury,CT,6810, (203) 730-0599,8am to 10pm Daily-73.474925,41.072968,150 Ledge Road, Darien,CT,6820, (203) 662-0577,8:00 am to 10:00 pm seven days a week-73.2419,41.157197,350 Grasmere Avenue, Fairfield,CT,6824, (203) 319-9544,8:00 am to 10:00 pm seven days a week-72.608575,41.713695,55 Welles Street, Glastonbury,CT,6033, (860) 652-9800,8am to 9pm seven days a week-73.624018,41.033487,90 E. Putnam Ave, Greenwich,CT,6830, (203) 661-0631,7am to 10pm seven days a week-73.024516,41.248248,1686 Boston Post Road, Milford,CT,6460, (203) 874-0883,8am to 10pm seven days a week-72.746516,41.783774,340 N Main St, West Hartford,CT,6117, (860) 523-7174,8am to 9pm seven days a week-72.739254,41.760885,50 Raymond Rd, West Hartford,CT,6107, (860) 523-8500,8am to 10pm seven days a week-73.379348,41.129118,399 Post Road West, Westport,CT,6880, (203) 227-6858,8:00am - 10:00pm Daily-77.00471,38.88029,101 H St SE, Washington,DC,20003, (202) 469-7280,7:00am to 10:00pm. Seven days a week-77.033042,38.909521,1440 P Street NW, Washington,DC,20005, (202) 332-4300 or (202) 265-4665,Daily 7:00 am to 10:30 pm.-77.049386,38.900846,2201 I Street NW, Washington,DC,20037, (202) 296-1660,7am to 11pm Monday-Sunday-77.078854,38.948512,4530 40th St NW Tenley Circle, Washington,DC,20016, (202) 237-5800,8:00am to 10:00pm. Seven days a week. Coffee bar opens at 7:00am-76.99815,38.9004,600 H St NE, Washington,DC,20002, (202) 469-7410,7:00am to 11:00pm. Seven days a week.-81.3819109,28.6625321,305 East Altamonte Drive, Altamonte Springs,FL,32701, (407) 767-2100,8:00am - 10:00pm Seven days a week-80.143389,25.970949,21105 Biscayne Blvd, Aventura,FL,33180, (305) 682-4400,8am - 10pm-80.108863,26.365371,1400 Glades Rd, Boca Raton,FL,33431, (561) 447-0000,8am to 10pm seven days a week-82.7364731,28.0176353,27001 US 19 North, Clearwater,FL,33761, (727) 724-7100,8:00 a.m. to 10:00 p.m. Seven days a week.-80.285494,25.709429,6701 Red Road, Coral Gables,FL,33143, (305) 421-9421,8:00 am to 10:00 pm. Seven days a week-80.254374,26.2414,810 University Drive, Coral Springs,FL,33071, (954) 796-5800,8am to 10pm seven days a week-80.2512719,26.0966002,1903 S University Drive, Davie,FL,33324, (954) 916-3000,8:00 am-10:00 pm Seven days a week. Allegro Coffee Bar open from 8am-8pm.-86.4196014,30.3903046,4402 Legendary Drive, Destin,FL,32541, (850) 269-7400,Store: 8:00am to 10:00pm. Coffee bar: 8:00am- 8:00pm. Seven days a week.-80.118364,26.153376,2000 N Federal Hwy, Fort Lauderdale,FL,33305, (954) 398-2000,8am to 10pm seven days a week-81.8408458,26.5467602,6891 Daniels Pkwy [ste 100], Fort Myers,FL,33966, (239) 935-6550,8:00am to 10:00pm. Seven days a week.-82.3740276,29.6258688,3490 SW Archer Rd, Gainesville,FL,32608, (352) 244-8302,8:00am to 10:00pm. Seven days a week-81.624764,30.185405,10601 San Jose Blvd, Jacksonville,FL,32257, (904) 288-1100,8am to 9pm Seven days a week-80.1888549,25.7719289,299 SE 3rd Ave, Miami,FL,33131, (305) 995-0600,7:30 am _ 11:00 pm seven days a week-80.32343,25.67325,7930 SW 104 Street, Miami,FL,33156, (305) 969-5800,8:00am to 10:00pm. Seven days a week.-80.141056,25.780839,1020 Alton Road, Miami Beach,FL,33139, (305) 938-2800,8:00 a.m. to 11:00 p.m. Seven days a week-81.800744,26.254163,9101 Strada Place, Naples,FL,34108, (239) 552-5100,8am to 10pm Monday to Saturday-80.165381,25.887996,12150 Biscayne Blvd, North Miami,FL,33181, (305) 892-5500,8:00 am _ 10:00 pm seven days a week-81.476876,28.44936,8003 Turkey Lake Road, Orlando,FL,32819, (407) 355-7100,8am to 10pm seven days a week-80.093165,26.847672,11701 Lake Victoria Gardens Ave, Palm Beach Gardens,FL,33410, (561) 630-3400,8am to 10pm seven days a week-80.349368,26.006924,14956 Pines Blvd, Pembroke Pines,FL,33027, (954) 392-3500,8am to 10pm seven days a week-80.1020889,26.24296,2411 N Federal Highway, Pompano Beach,FL,33062, (954) 786-3500,Monday-Saturday 7:00am-10:00pm. Sunday 8:00am-10:00pm-82.54191,27.33774,1451 1st Street, Sarasota,FL,34236, (941) 316-4700,8am to 9pm Monday to Saturday-84.270589,30.46315,1817 Thomasville Road, Tallahassee,FL,32303, (850) 513-4200,8:00 am to 9:00 pm-82.505694,27.95682,1548 North Dale Mabry Highway, Tampa,FL,33607, (813) 348-1200,8:00 am to 10:00 pm. Seven days a week.-82.504054,28.09282,3802 Northdale Blvd, Tampa,FL,33624-1833, (813) 264-3600,8 a.m. to 9 p.m. - 7 days a week-80.203972,26.640999,2635 State Road 7, Wellington,FL,33414-9372, (561) 904-4000,Monday through Saturday-80.0885329,26.7203573,1845 Palm Beach Lakes Boulevard, West Palm Beach,FL,33401, (561) 471-3800,8:00 a.m. to 10:00 p.m. Seven days a week.-81.3650874,28.6066449,1030 N Orlando Ave, Winter Park,FL,32789, (407) 377-6040,8:00am to 10:00pm seven days a week-84.2796978,34.0690052,2800 Old Milton Pkwy, Alpharetta,GA,30009, (678) 534-3138,8am to 10pm seven days a week-84.334337,33.81522,2111 Briarcliff Rd NE, Atlanta,GA,30329, (404) 634-7800,8am to 10pm Monday - Saturday-84.379332,33.916826,5930 Roswell Rd, Atlanta,GA,30328, (404) 236-0810,8am to 10pm Monday to Saturday-84.365381,33.773479,650 Ponce de Leon Ave NE, Atlanta,GA,30308, (404) 853-1681,7:30am to 10pm seven days a week-84.381952,33.840434,77 West Paces Ferry Rd NW, Atlanta,GA,30305, (404) 324-4100,7:30am to 10pm Monday to Saturday-84.3144,33.88506,5001 Peachtree Boulevard, Chamblee,GA,30341, (470) 552-0750,7:00am to 10:00pm. Seven days a week.-84.187878,34.01675,5945 State Bridge Rd, Johns Creek,GA,30097, (678) 514-2400,8am to 10pm Monday to Saturday; 9am to 9pm Sunday-84.58865,33.99821,1300 Ernest Barrett Parkway, Kennesaw,GA,30144, (770) 578-4400,7:00am to 10:00pm. Seven days a week.-84.425394,33.980812,1311 Johnson Ferry Road NE, Marietta,GA,30068, (678) 996-9700,8am to 10pm seven days a week-81.071787,32.044231,1815 E Victory Drive, Savannah,GA,31404, (912) 358-5829,8am-9pm seven days a week-157.8515057,21.2948322,388 Kamakee St [ste 100], Honolulu,HI,96814, (808) 379-1800,7:00am to 10:00pm. Seven days a week-157.786948,21.278403,4211 Wai'alae Avenue, Honolulu,HI,96816, (808) 738-0820,7am to 10pm seven days a week-156.464528,20.891556,70 East Kaahumanu Avenue #B, Kahului,HI,96732, (808) 872-3310,7am to 9pm seven days a week-157.742917,21.393892,629 Kailua Road, Kailua,HI,96734, (808) 263-6800,7am to 10pm seven days a week-93.758483,41.598989,4100 University Ave Suite #260, West Des Moines,IA,50266, (515) 343-2600,8am to 10pm seven days a week-116.19418,43.606866,401 S Broadway, Boise,ID,83702, (208) 287-4600,Regular store hours 7:30am-10pm Daily-87.6468964,41.8824692,1 N Halsted Street, Chicago,IL,60661, (312) 207-8400,7:00 am to 10:00 pm Seven days a week-87.639083,41.868482,1101 S Canal St, Chicago,IL,60607, (312) 435-4600,8:00am to 10:00pm. Seven Days a Week.-87.653223,41.91091,1550 N Kingsbury Street, Chicago,IL,60642, (312) 587-0648,8am to 10pm seven days a week-87.6213226,41.8913651,255 E Grand Ave, Chicago,IL,60611, (312) 379-7900,7:00 a.m. to 10:00 p.m. Seven days a week.-87.62923,41.894991,30 West Huron St, Chicago,IL,60654, (312) 932-9600,7am to 10pm seven days a week-87.66824,41.94045,3201 N Ashland Ave, Chicago,IL,60657, (773) 244-4200,8am to 10pm seven days a week-87.649632,41.948359,3640 N Halsted St, Chicago,IL,60613, (773) 472-0400,8am to 10pm seven days a week-87.58818,41.801872,5118 S Lake Park Ave, Chicago,IL,60615, (773) 819-1600,7:00am - 10:00pm Seven days a week.-87.6596527,41.9910812,6009 North Broadway, Chicago,IL,60660, (773) 506-7600,8:00 a.m. to 10:00 p.m. Seven days a week.-87.748454,41.990167,6020 N Cicero Ave, Chicago,IL,60646, (773) 205-1100,8am to 10pm seven days a week-87.6462708,41.7799683,832 W 63rd Street, Chicago,IL,60621, (773) 896-9800,8:00am - 8:00pm Seven days a week-87.6532649,41.9253469,959 West Fullerton Avenue, Chicago,IL,60614, (773) 868-5200,8:00 a.m. to 9:00 p.m. Seven days a week.-87.84708,42.166746,760 Waukegan Rd, Deerfield,IL,60015, (847) 444-1900,8am to 10pm seven days a week.-87.9627483,41.8942239,215 S IL Rte 83, Elmhurst,IL,60126, (630) 993-7600,8:00am to 10:00pm seven days a week-87.679513,42.0469,1640 Chicago Ave, Evanston,IL,60201, (847) 733-1600,8am to 10pm-87.7023903,42.068532,2748 Green Bay Road, Evanston,IL,60201, (847) 424-5700,8:00 a.m. to 10:00 p.m. Seven days a week-87.918195,41.817868,500 E Ogden Ave, Hinsdale,IL,60521, (630) 986-8500,8am to 10pm seven days a week-88.044486,42.158736,20281 N Rand Road, Kildeer,IL,60074, (847) 726-4601,Hours: 8am to 9pm-88.200212,41.747397,2607 W 75th Street, Naperville,IL,60540, (630) 579-7700,Open 8 am to 10 pm seven days a week-87.800177,42.105537,840 Willow Road, Northbrook,IL,60062, (847) 205-5353,8am to 9pm seven days a week-87.854439,41.613257,15260 S LaGrange Road, Orland Park,IL,60462, (708) 364-1350,8 am _ 10 pm Seven days a week-87.825057,42.01081,225 W Touhy Ave, Park Ridge,IL,60068, (847) 292-7100,8:00 am to 10:00 pm seven days a week-87.805994,41.888407,7245 Lake St, River Forest,IL,60305, (708) 366-1045,8am to 10pm seven days a week-88.036464,42.042261,750 N Martingale Rd, Schaumburg,IL,60173, (847) 585-5800,8:00am to 10:00pm. Seven days a week-87.9448397,42.2421522,851 N Milwaukee Ave, Vernon Hills,IL,60061, (224) 504-3990,8:00am to 10:00pm Seven days a week-88.1018322,41.8307521,89 Danada Square East, Wheaton,IL,60187, (630) 588-1500,8:00am - 10:00pm Seven days a week-87.947334,41.772834,6300 S Robert Kingery Highway, Willowbrook,IL,60527, (630) 655-5000,8:00 a.m. to 10:00 p.m. Seven days a week.-86.130156,39.999919,14598 Clay Terrace Blvd, Carmel,IN,46032, (317) 569-1517,Monday to Saturday 8am-10pm-86.138236,39.912742,1300 E 86th St, Indianapolis,IN,46240, (317) 706-0900,Monday - Sunday: 8am to 10pm-86.15165,39.76876,320 E Market St, Indianapolis,IN,46204, (317) 559-9360,8:00am to 9:00pm Seven days a week-86.186983,41.700229,4230 Grape Road, Mishawaka,IN,46545-1007, (574) 247-5800,Monday - Sunday: 8AM to 10PM-87.4712247,41.5186107,199 US HWY 41, Schererville,IN,46375, (219) 864-5400,8:00 a.m. to 10:00 p.m. Monday - Sunday-94.7558624,38.912675,14615 W 119th Street, Olathe,KS,66062, (913) 764-5656,Open 8am-9pm-94.661885,38.912722,6621 West 119th Street, Overland Park,KS,66209-2020, (913) 663-2951,Open 8:00am-10:00pm-97.2262942,37.7091309,1423 N Webb Rd, Wichita,KS,67206, (316) 630-8484,Open 7:30am-9pm-84.524008,37.995843,161 Lexington Green Circle, Lexington,KY,40503, (859) 971-8600,8a-10p Daily-85.625437,38.250292,4944 Shelbyville Road, Louisville,KY,40207, (502) 899-5545,STORE HOURS: 8am to 10pm-91.11089,30.430798,7529 Corporate Blvd, Baton Rouge,LA,70809, (225) 218-0452,8am_10pm seven days a week-92.0540511,30.1612332,4247 Ambassador Caffery Pkwy, Lafayette,LA,70508, (337) 314-9653,8am-9pm seven days a week-90.0847276,30.3923665,3450 Highway 190, Mandeville,LA,70471, (985) 231-3328,8am_9pm seven days a week-90.159156,30.003199,3420 Veterans Memorial Blvd, Metairie,LA,70002, (504) 888-8225,8am_10pm seven days a week-90.084978,29.967212,300 N Broad St, New Orleans,LA,70119, (504) 434-3364,7:00am-9:00pm. Seven days a week.-90.117191,29.921135,5600 Magazine Street, New Orleans,LA,70115, (504) 899-9119,8am to 9pm seven days a week-93.7302118,32.443386,1380 E 70th St, Shreveport,LA,71105, (318) 462-9895,8am_10pm seven days a week-71.144697,42.65913,40 Railroad St, Andover,MA,1810, (978) 749-6664,Open 8am to 9pm-71.159876,42.416085,808 Massachusetts Avenue, Arlington,MA,2476, (781) 777-7200,8AM _ 10PM seven days a week-71.274273,42.490073,170 Great Rd, Bedford,MA,1730, (781) 275-8264,Open 8am-9pm seven days a week.-71.461576,42.11482,255 Hartford Ave, Bellingham,MA,2019, (508) 966-3331,Open 8am - 9pm daily-71.086554,42.343507,15 Westland Ave, Boston,MA,2115, (617) 375-1010,7:00am to 10:30pm seven days a week! Check back here for changes to our schedules.-71.065397,42.361322,181 Cambridge St, Boston,MA,2114, (617) 723-0004,Open 7 am to 10 pm seven days a week.-71.0636795,42.3449725,348 Harrison Avenue, Boston,MA,2118, (617) 904-1000,8:00am to 10:00pm seven days a week. Coffee Bar opens at 7:00am.-71.140647,42.342655,15 Washington Street, Brighton,MA,2135, (617) 738-8187,8:00am to 10:00pm - Seven days a week.-71.10822,42.34606,1028 Beacon Street, Brookline,MA,2446, (617) 202-0550,8am _ 10pm-71.102059,42.368126,115 Prospect St, Cambridge,MA,2139, (617) 492-0070,7:00am to 10:30pm-71.143031,42.388594,200 Alewife Brook Pkwy, Cambridge,MA,2138, (617) 491-0040,8am to 10pm ´ 7 days a week-71.114349,42.361968,340 River St, Cambridge,MA,2139, (617) 876-6990,8:00 am to 10:00 pm. Seven days a week.-71.066196,42.375042,51 Austin St, Charlestown,MA,2129, (617) 337-9700,7:30am to 10pm seven days a week-71.17748,42.232577,300 Legacy Place, Dedham,MA,2026, (781) 329-7100,8am to 10pm 7 Days A Week-71.421394,42.298211,575 Worcester Rd, Framingham,MA,1701, (508) 628-9525,7AM-10PM seven days a week-72.558055,42.354022,327 Russell St, Hadley,MA,1035, (413) 586-9932,8AM - 10PM-70.906626,42.180222,Derby Street Shoppes, Hingham,MA,2043, (781) 741-8050,8AM to 10PM. Seven days a week-70.3020722,41.671785,990 Iyannough Road, Hyannis,MA,2601, (508) 418-5900,8AM to 9PM. Seven days a week-71.110885,42.32134,413 Centre Street, Jamaica Plain,MA,2130, (617) 553-5400,8am to 10pm seven days a week.-71.0320723,42.5148676,100 Market Street, Lynnfield,MA,1940, (781) 776-4300,Store open 8am _ 10pm seven days a week. Coffee and juice bar window opens at 7 am. Coffee and juice bar closes at 9 pm.-71.127437,42.417586,2151 Mystic Valley Parkway, Medford,MA,2155, (781) 395-4998,8AM to 9PM-71.0618113,42.46443,880 Main Street, Melrose,MA,02176-2346, (781) 606-3400,8am to 9pm. Seven days a week-71.206518,42.329889,916 Walnut St, Newton,MA,2461, (617) 969-1141,8 AM to 10 PM 7 Days A Week-71.169235,42.351398,647 Washington Street, Newtonville,MA,2458, (617) 965-2070,8 AM to 10 PM 7 Days A Week-71.74532,42.27549,193 Boston Turnpike, Shrewsbury,MA,1545, (508) 749-5520,8:00 to 10:00 Seven days a week-71.103044,42.375887,45 Beacon Street, Somerville,MA,2143, (617) 902-9300,Regular Hours 8am - 10pm-70.9533615,42.1713753,35 Pleasant Street, South Weymouth,MA,2190, (781) 277-5200,8AM to 9PM. Seven days a week-71.427514,42.359813,536 Boston Post Road, Sudbury,MA,1776, (508) 358-7700,8:00am to 10:00pm. Seven days a week.-70.903203,42.480935,331 Paradise Rd, Swampscott,MA,1907, (781) 592-2200,8am to 9pm seven days a week-71.286013,42.30176,442 Washington Street, Wellesley,MA,2482, (781) 235-7262,7am to 9pm Seven days a week.-71.4201584,42.5681725,160 Littleton Road, Westford,MA,1886, (978) 303-2900,8:00 a.m. to 9:00 p.m. Seven days a week.-71.165083,42.460504,400 Cambridge Rd, Woburn,MA,1801, (781) 376-9600,8am to 9pm seven days a week-76.539725,38.982187,200 Harker PIace, Annapolis,MD,21401, (410) 573-1800,Monday-Saturday 7am-10pm Sunday 7am-9pm-76.600155,39.284168,1001 Fleet Street, Baltimore,MD,21202, (410) 528-1640,Monday-Friday: 7:00am-10:00pm; Saturday & Sunday: 8:00am-10:00pm-76.649322,39.367982,1330 Smith Ave, Baltimore,MD,21209, (410) 532-6700,8 AM - 9:00 PM - everyday-77.105043,38.966015,5269 River Rd, Bethesda,MD,20816, (301) 984-4860,Open every day 7:30 am - 9 pm.-77.08691,38.961812,4420 Willard Ave, Chevy Chase,MD,20815, (301) 657-1520,8am to 10pm-76.8580399,39.2192116,10275 Little Patuxent Pkwy, Columbia,MD,21044, (240) 865-1827,Store Hours: 7:00am-10:00pm Every Day (Hours subject to change on major holidays)-77.239644,39.123404,316 Kentlands Blvd, Gaithersburg,MD,20878-5454, (301) 258-9500,7.30am to 9pm seven days a week-76.9383548,38.9690777,6621-B Baltimore Ave, Riverdale Park,MD,20737, (240) 487-7575,7:00am to 10:00pm. Seven days a week-77.113353,39.042972,11355 Woodglen Drive, Rockville,MD,20852, (301) 984-4880,8am to 10pm Monday to Saturday-77.022841,38.996564,833 Wayne Ave, Silver Spring,MD,20910, (301) 608-9373,7am to 10pm seven days a week-70.25869,43.663939,2 Somerset St, Portland,ME,4101, (207) 774-7711,Open 8am-10pm seven days a week. Somerset Tap House Hours: 11am-10pm Last call for food is 9pm and alcohol 9:30pm.-83.698156,42.25737,3135 Washtenaw Ave, Ann Arbor,MI,48104, (734) 975-4500,8am to 10pm seven days a week.-83.758221,42.246946,990 W Eisenhower Parkway, Ann Arbor,MI,48103, (734) 997-7500,8am to 10pm seven days a week-83.19415,42.54642,2100 East Maple Road, Birmingham,MI,48009, (248) 649-9600,8:00a to 10:00pm Seven days a week-83.0568928,42.3480684,115 Mack Ave, Detroit,MI,48201, (313) 576-5300,8am to 10pm Seven Days a Week-84.457425,42.7280476,2750 E Grand River Ave, East Lansing,MI,48823, (517) 319-2000,8:00am - 10:00pm Seven days a week-83.159155,42.681597,2918 Walton Blvd, Rochester Hills,MI,48309, (248) 371-1400,8am to 10pm seven days a week-83.36064,42.530619,7350 Orchard Lake Road, West Bloomfield,MI,48322, (248) 538-4600,8am to 10pm seven days a week-93.327489,44.867501,7401 France Ave S, Edina,MN,55435, (952) 830-3500,8AM - 10PM - Seven days a week.-93.436,45.091329,12201 Elm Creek Blvd N, Maple Grove,MN,55369, (763) 416-7300,8AM - 10PM - Seven days a week.-93.269269,44.982789,222 Hennepin Avenue, Minneapolis,MN,55401, (612) 313-7100,7AM-10PM (Daily)-93.32155,44.946869,3060 Excelsior Blvd, Minneapolis,MN,55416, (612) 927-8141,8AM to 10PM - Seven days a week-93.445443,44.973632,1001 Plymouth Road, Minnetonka,MN,55305, (952) 797-5600,8AM to 10PM - Seven days a week-93.1667668,44.9466046,1575 Selby Ave, St Paul,MN,55104, (651) 690-0197,8AM to 10PM. Seven days a week-92.930196,44.942729,305 Radio Drive, Woodbury,MN,55125, (651) 252-3060,8:00am to 9:00pm Seven days a week-94.58345,39.03442,301 E 51st Street, Kansas City,MO,64112, (816) 708-3700,7:00am - 9:00pm Seven days a week-90.346612,38.627183,1601 S Brentwood Blvd, Saint Louis,MO,63144, (314) 968-7744,Monday - Sunday: 8AM to 10PM-90.2612143,38.641674,4577 West Pine Blvd, Saint Louis,MO,63108, (314) 474-7300,Monday - Sunday: 8AM to 10PM-90.516513,38.622102,1160 Town and Country Crossing, Town and Country,MO,63017, (636) 527-1160,Monday - Sunday: 8AM - 9PM-90.149885,32.354919,4500 I-55 North Suite 99, Jackson,MS,39211, (601) 608-0405,Monday - Sunday 8am to 9pm! Our Merchant of Vino Wine & Spirits Store is open from 10am to 9pm Mon-Sat.-82.52408,35.58274,4 South Tunnel Rd, Asheville,NC,28805, (828) 239-9604,Every day: 8 a.m. to 10 p.m.-82.554488,35.601992,70 Merrimon Ave, Asheville,NC,28801, (828) 254-5440,7:30am to 9pm-78.777898,35.736574,102B New Waverly Place, Cary,NC,27518, (919) 816-8830,7:30am to 9pm seven days a week-78.881919,35.833479,5055 Arco Street, Cary,NC,27519, (984) 228-0300,7am-10pm Seven days a week-79.028049,35.933874,81 South Elliot Road, Chapel Hill,NC,27514, (919) 968-1983,7 AM to 10 PM seven days a week (store and caf_)-80.8453717,35.2206457,400 East Stonewall St, Charlotte,NC,28202, (704) 969-5950,7:00am - 10:00pm Seven days a week-80.829738,35.147626,6610 Fairview Rd, Charlotte,NC,28210, (980) 213-2400,8 am to 10 pm seven days a week-80.7676438,35.0536842,7221 Waverly Walk Ave, Charlotte,NC,28277, (704) 949-1860,8:00 a.m. to 10:00 p.m. Seven days a week.-78.919915,36.006208,621 Broad Street, Durham,NC,27705, (919) 286-2290,7am to 9pm seven days a week (store and caf_)-79.834042,36.086173,3202 West Friendly Avenue, Greensboro,NC,27408-7604, (336) 398-2880,8am to 9pm (Monday - Sunday)-80.8722916,35.44384,9129 Sam Furr Rd, Huntersville,NC,28078, (704) 765-3735,8:00 a.m. to 9:00 p.m. Seven days a week.-78.685317,35.801417,3540 Wade Ave, Raleigh,NC,27607, (919) 828-5805,7am to 10pm-78.650237,35.898892,8710 Six Forks Rd, Raleigh,NC,27615, (919) 354-0350,7am to 9pm seven days a week-77.90127,34.213575,3804 Oleander Drive, Wilmington,NC,28403, (910) 777-2499,8:00 a.m. to 9:00 p.m. Seven days a week.-80.274997,36.095159,41 Miller Street, Winston Salem,NC,27104, (336) 722-9233,7am to 9pm (Monday - Sunday)-96.639202,40.812812,6055 O Street, Lincoln,NE,68510, (402) 486-6000,Monday - Thursday 8am-9pm-96.069673,41.260782,10020 Regency Circle, Omaha,NE,68114, (402) 393-1200,8am to 10pm Monday-Saturday-71.4779393,42.9541229,121 South River Rd, Bedford,NH,3110, (603) 218-1900,8:00am - 10:00pm Seven days a week-71.497459,42.7788084,255 Amherst Street, Nashua,NH,3063, (603) 318-7550,8:00 a.m. to 10:00 p.m. Seven days a week.-74.561405,40.573445,319 Chimney Rock Road, Bound Brook,NJ,8805, (732) 584-1960,8:00 am to 10:00 pm. Seven days a week-75.0084351,39.91574,1558 North Kings Highway, Cherry Hill,NJ,8034, (856) 651-5271,7:00am - 10:00pm-74.304885,40.631725,1255 Raritan Road Unit 150, Clark,NJ,7066, (732) 381-1010,8:00am to 10:00pm Seven Days a Week-73.9568918,40.9695511,45 Vervalen Street, Closter,NJ,7624, (201) 367-9099,8:00am - 10:00pm Seven days a week-73.973981,40.825696,905 River Road, Edgewater,NJ,7020, (201) 941-4000,8am to 10pm seven days a week-74.405392,40.752974,222 Main St, Madison,NJ,7940, (973) 822-8444,8am to 10pm seven days a week-74.2486267,40.3142204,113 Route 9 South, Marlboro,NJ,7726, (732) 792-5900,8:00 a.m. to 10:00 p.m. Seven days a week.-74.938572,39.907601,940 Route 73 North, Marlton,NJ,8053, (856) 797-1115,Normal hours: 7am-10pm; 7 days-74.366607,40.540645,645 Middlesex Avenue, Metuchen,NJ,8840, (732) 515-6180,8:00 am to 10:00 pm Seven Days a Week-74.222774,40.818139,701 Bloomfield Ave, Montclair,NJ,7042, (973) 746-5110,8am to 10pm seven days a week-74.4886932,40.7991257,110 Washington Street, Morristown,NJ,7960, (973) 385-1900,8:00am to 10:00pm. Seven days a week.-74.17038,40.74054,633 Broad Street, Newark,NJ,7102, (973) 755-5080,8:00am - 9:00pm Seven days a week-74.056777,40.915328,300 Bergen Town Center, Paramus,NJ,7652, (201) 226-1244,8am to 10pm seven days a week-74.629349,40.33884,3495 US Route 1 South, Princeton,NJ,8540, (609) 799-2919,8am-10pm seven days a week-74.088685,40.375396,471 State Route 35 North, Red Bank,NJ,07701-5036, (732) 758-1688,8am to 10pm. Seven days a week.-74.122941,40.978879,44 Godwin Ave, Ridgewood,NJ,7450, (201) 670-0383,8AM to 10PM Seven days a week. Cafe hours 7AM to 9PM.-74.286641,40.717061,2245 Springfield Ave, Vauxhall,NJ,7088, (908) 688-1455,8am to 10pm seven days a week-74.0714035,40.1193695,1933 State Road 35, Wall,NJ,7719, (732) 359-3400,8:00am - 10:00pm Seven days a week-74.247082,40.804613,235 Prospect Ave, West Orange,NJ,7052, (973) 669-3196,8am to 10pm seven days a week-105.953868,35.102203,2103 Carlisle Boulevard NE, Albuquerque,NM,87110, (505) 260-1366,Open 7am to 10pm-106.554679,35.146933,5815 Wyoming Blvd NE, Albuquerque,NM,87109, (505) 856-0474,8am to 10pm-106.604409,35.679588,753 Cerrillos Rd, Santa Fe,NM,87505, (505) 992-1700,Open 7:30am to 10pm-115.083661,36.021663,100 S Green Valley Pkwy, Henderson,NV,89012, (702) 361-8183,8 A.M. to 10 P.M. Daily-115.174066,36.067384,6689 Las Vegas Blvd, Las Vegas,NV,89119, (702) 589-7711,8 A.M. to 10 P.M. Daily-115.249284,36.196252,7250 W Lake Mead Blvd, Las Vegas,NV,89128, (702) 942-1500,8 A.M. to 10 P.M. Daily-115.288332,36.158823,8855 West Charleston Blvd, Las Vegas,NV,89117, (702) 254-8655,8 A.M. to 10 P.M. Daily-119.78768,39.47358,6139 S Virginia Street, Reno,NV,89502, (775) 852-8023,8:00 am to 10:00 pm. Seven days a week.-73.8197098,42.7086029,1425 Central Ave, Albany,NY,12205, (518) 621-5300,8:00 am to 10:00 pm. Seven days a week.-78.816865,42.97935,3139 Sheridan Dr, Amherst,NY,14226, (716) 398-4502,8:00 am to 10:00 pm. Seven days a week-73.988751,40.675071,214 3rd Street, Brooklyn,NY,11215, (718) 907-3622,Store Hours: 8 am to 11 pm-73.959688,40.7160797,238 Bedford Ave, Brooklyn,NY,11249, (718) 734-2321,8:00am - 11:00pm Seven days a week-73.9782292,40.6866202,292 Ashland Place, Brooklyn,NY,11217, (718) 290-1010,8:00 a.m. to 11:00 p.m. Seven days a week-73.534679,40.787358,429 North Broadway, Jericho,NY,11753-2106, (516) 932-1733,7:30AM to 10PM -73.125837,40.869602,120 New Moriches Road, Lake Grove,NY,11755, (631) 588-1466,Join us every day-73.671695,40.796701,2101 Northern Blvd, Manhasset,NY,11030, (516) 869-8900,7:30am to 10:00pm-73.987042,40.766374,10 Columbus Circle, New York,NY,10019, (212) 823-9600,7:00am to 11pm Seven days a week-73.94624,40.80761,100 W 125th St, New York,NY,10027, (212) 678-1940,8:00 am to 11:00 pm Seven days a week - Market level / Coffee bar opens at 7:00am 7:00 am - 11:00 pm. Seven days a week.-73.98501,40.75475,1095 Avenue of the Americas, New York,NY,10036, (917) 728-5700,7:00am - 11:00pm Seven days a week. News Agency: 6:30am - 11:00pm Daily-73.9533506,40.7795984,1551 3rd Ave, New York,NY,10128, (646) 891-3888,7:00 am - 11:00 pm. Seven days a week.-73.966089,40.759626,226 East 57th Street, New York,NY,10022, (646) 497-1222,7:30am to 11pm. Seven days a week.-73.995108,40.74511,250 7th Ave, New York,NY,10001, (212) 924-5969,7:00am to 11pm seven days a week-74.011395,40.715554,270 Greenwich Street, New York,NY,10007, (212) 349-6555,7am to 11pm seven days a week-73.990646,40.73469,4 Union Square South, New York,NY,10003, (212) 673-5388,7:00am to 11pm Seven Days a Week-73.966654,40.79467,808 Columbus Avenue, New York,NY,10025, (212) 222-6160,MAIN STORE: 7:30am to 11pm-73.992394,40.723841,95 East Houston St, New York,NY,10002, (212) 420-1320,8:00 a.m to 11:00 p.m Monday-Sunday-73.675224,40.993099,575 Boston Post Road, Port Chester,NY,10573, (914) 708-1985,8:00 am - 10:00 pm Seven days a week.-73.758247,41.028011,110 Bloomingdale Road, White Plains,NY,10605-1503, (914) 288-1300,8:00 am to 10:00 pm Seven days a week-73.8577111,40.9607508,1 Ridge Hill Blvd, Yonkers,NY,10710, (914) 378-8090,8am-10pm Daily-81.57119,41.11099,1745 W Market Street, Akron,OH,44313, (330) 615-2100,8:00 a.m. to 9:00 p.m. Seven days a week.-84.44414,39.148706,2693 Edmondson Rd, Cincinnati,OH,45209, (513) 531-8015,8am to 9pm seven days a week-83.087957,40.095239,3670 W Dublin-Granville Rd, Columbus,OH,43235, (614) 760-5556,8 am - 10pm seven days a week-82.9142455,40.0482029,4100 Easton Gateway Drive, Columbus,OH,43219, (614) 536-0570,Sunday-Thursday: 8 am-9 pm Friday & Saturday: 8 am-10 pm-84.1891826,39.6280188,1050 Miamisburg Centerville Road, Dayton,OH,45458, (937) 999-6880,Sunday - Thursday: 8am-9pm Friday & Saturday: 8am-10pm-84.319892,39.30772,5805 Deerfield Boulevard, Mason,OH,45040, (513) 398-9358,8:00 am to 10:00 pm Seven Days a Week-82.984285,39.3274082,50 Wall St, Orange,OH,44122, (216) 464-9403,7:00 am to 10:00 pm. Seven days a week-81.8403601,41.4797569,19607 Detroit Road, Rocky River,OH,44116, (440) 596-3440,8:00am to 9:00pm Seven days a week-81.536725,41.501218,13998 Cedar Rd, University Heights,OH,44118, (216) 932-3918,8 AM - 10 PM-83.052527,40.006871,1555 W Lane Ave, Upper Arlington,OH,43221, (614) 481-3400,8 AM to 9 PM Daily-97.529798,35.533718,6001 N Western Ave, Oklahoma City,OK,73118, (405) 879-3500,8am_10pm seven days a week. Coffee Bar/Breakfast open at 7am.-95.973409,36.104421,1401 East 41st Street, Tulsa,OK,74105, (918) 712-7555,Open seven days a week-95.922586,36.03101,9136 S Yale Ave, Tulsa,OK,74137, (918) 879-0493,8am_10pm seven days a week. Coffee bar and Juice Garage open at 7am.-79.333157,43.857352,3997 Highway 7, Markham,ON,L3R, (905) 474-4900,Store Hours: Monday to Sunday 9am - 9pm-79.644976,43.594606,155 Square One Drive, Mississauga,ON,L5B, (905) 275-9393,Monday to Friday 8am-10pm-79.679121,43.455966,301 Cornwall Rd, Oakville,ON,L6J, (905) 849-8400,Store Hours: Monday to Sunday: 8am-9pm-75.6860085,45.3993083,951 Bank Street, Ottawa,ON,K1S, (613) 565-7150,Store Hours: 9am - 9pm. Seven days a week-79.37811,43.71429,1860 Bayview Ave, Toronto,ON,M4C, (416) 484-0090,9:00 am to 9:00 pm 7 days a week.-79.41038,43.76082,4771 Yonge Street, Toronto,ON,M2N, (416) 730-1100,Monday to Sunday 8am-10pm Cafe/Diner: 7:30am-9pm-79.395354,43.672212,87 Avenue Rd, Toronto,ON,M5R, (416) 944-0500,Market Hours: Mon-Fri 9am-10pm-121.266068,44.055059,2610 Highway 20, Bend,OR,97701-6261, (541) 389-0151,8 a.m. to 9 p.m. seven days a week-123.0875708,44.0499649,353 E Broadway, Eugene,OR,97401, (541) 434-8820,8:00am - 10:00pm Seven days a week.-122.752089,45.534321,19440 NW Cornell Rd, Hillsboro,OR,97124, (503) 645-9200,Open Daily-122.6637053,45.4154051,11 S State St, Lake Oswego,OR,97034, (503) 782-4672,8:00 a.m. to 9:00 p.m. Seven days a week.-122.683361,45.523549,1210 NW Couch St, Portland,OR,97209, (503) 525-4343,7am to 10pm-122.618771,45.523012,2825 East Burnside St, Portland,OR,97214, (503) 232-6601,7am to 10pm Daily-122.650589,45.548541,3535 NE 15th Ave, Portland,OR,97212, (503) 288-3414,7am to 10pm Daily-122.877228,45.536818,4301 NE Sandy Blvd, Portland,OR,97213, (503) 284-2644,7am to 10pm Daily-122.8020678,45.4439016,12220 SW Scholls Ferry Road, Tigard,OR,97223, (971) 371-7000,Open Daily-122.63686,45.394541,7380 SW Bridgeport Rd, Tigard,OR,97224, (503) 639-6500,Open Daily-75.5674896,40.5657806,750 N Krocks Road, Allentown,PA,18106, (484) 506-2159,7:00 AM-10:00 PM-75.62876,40.03128,175 N Pottstown Pike, Exton,PA,19341, (610) 423-6360,7:00am - 10:00pm Seven days a week-75.54404,39.865826,475 Wilmington, Glen Mills,PA,19342, (610) 358-1133,7am to 10pm seven days a week-75.120453,40.106229,1575 The Fairway, Jenkintown,PA,19046, (215) 481-0800,8am to 9pm daily-76.3142795,40.0639405,1563 Fruitville Pike, Lancaster,PA,17601, (717) 984-5700,8:00am - 9:00pm seven days a week-75.1741259,39.9627391,2101 Pennsylvania Avenue, Philadelphia,PA,19130, (215) 557-0015,7 am - 11 pm Seven days a week; Allegro Coffee bar opens at 6 am-75.157937,39.942755,929 South Street, Philadelphia,PA,19147, (215) 733-9788,7am to 10pm seven days a week-79.928449,40.458822,5880 Centre Ave, Pittsburgh,PA,15206, (412) 441-7960,8am-10pm daily-75.283734,40.115334,500 W Germantown Pike, Plymouth Meeting,PA,19462, (610) 832-0010,7am to 10pm Daily-75.228061,40.188292,1111 North Bethlehem Pike, Spring House,PA,19477, (215) 646-6300,7:00am - 10:00pm Seven days a week-80.0728378,40.3349915,111 Siena Drive, Upper St Clair,PA,15241, (412) 409-4550,8 am - 10 pm daily-75.412414,40.048174,821 W Lancaster Ave, Wayne,PA,19087, (610) 688-9400,8a to 9p. Seven days a week-80.053394,40.613616,10576 Perry Highway, Wexford,PA,15090, (724) 940-6100,8am-9pm daily-75.2752753,40.0017082,15 East Wynnewood Rd, Wynnewood,PA,19096, (610) 896-3737,8 am - 10 pm-71.457116,41.755672,151 Sockanosset Cross Road, Cranston,RI,2920, (401) 942-7600,8am to 9pm seven days a week-71.386034,41.828065,261 Waterman St, Providence,RI,2906, (401) 272-1690,8am to 9pm Seven days a week-71.409309,41.83717,601 N Main St, Providence,RI,2904, (401) 621-5990,8am to 10pm seven days a week-79.9960689,32.7837877,1125 Savannah Highway, Charleston,SC,29407, (843) 329-6540,7:00am - 10:00pm Seven days a week-80.975499,33.992745,702 Cross Hill Rd + Fort Jackson Blvd, Columbia,SC,29205-2084, (803) 509-6700,8:00 a.m. to 9:00 p.m. daily-82.300923,34.825852,1140 Woodruff Road, Greenville,SC,29607, (864) 335-2300,8:00am-10:00pm Seven days a week.-80.717475,32.186515,50 Shelter Cove Lane, Hilton Head Island,SC,29928, (843) 842-0700,8:00 a.m. to 9:00 p.m. Seven days a week.-79.889796,32.802079,923 Houston Northcutt Blvd, Mount Pleasant,SC,29464, (843) 971-7240,8am to 9pm seven days a week-85.314224,35.06263,301 Manufacturers Rd, Chattanooga,TN,37405, (423) 702-7300,Monday - Saturday 7:30 a.m.- 9:00 p.m. Sunday 8:30 a.m. - 9:00 p.m.-89.894596,35.93483,1566 West McEwen Drive, Franklin,TN,37067, (615) 550-5660,Monday-Saturday: 7am to 10pm & Sunday: 8am to 9pm-89.8348312,35.0977287,7825 US Highway 72, Germantown,TN,38138-3906, (901) 896-3245,8:00am to 9:00pm-84.0154633,35.9342562,6730 Papermill Drive, Knoxville,TN,37919, (865) 291-6400,8:00 am to 9:00 pm-89.8943329,35.1135788,5014 Poplar Avenue, Memphis,TN,38117, (901) 969-4368,7:30 am-10:00 pm Monday - Saturday-86.825271,36.103429,4021 Hillsboro Pike, Nashville,TN,37215, (615) 440-5100,Monday-Sunday 8 AM-10 PM-97.754274,32.953287,5100 Belt Line Road, Addison,TX,75254, (214) 854-3334,7am_10pm seven days a week-96.752078,32.765687,801 East Lamar Blvd, Arlington,TX,76011, (817) 461-9362,7:30am_10pm seven days a week-97.937587,30.406211,11920 Domain Drive, Austin,TX,78758, (512) 831-3981,8am_10pm every day-96.795189,30.221646,4301 W William Cannon, Austin,TX,78749, (512) 358-2460,8am_10pm seven days a week-95.623349,30.270607,525 N Lamar Blvd, Austin,TX,78703, (512) 542-2200,7am to 10pm seven days a week. Coffee bar and taco station open at 6am.-95.398112,30.387993,9607 Research Blvd, Austin,TX,78759, (512) 345-5003,8am to 10pm seven days a week-95.497099,30.307817,12601 Hill Country Blvd, Bee Cave,TX,78738, (512) 206-2730,8am to 10pm seven days a week-97.819001,30.533623,5001 183 Toll Road, Cedar Park,TX,78613, (512) 690-2605,8:00 a.m. to 9:00 p.m. Seven days a week.-97.155632,32.8792419,4801 Colleyville Blvd, Colleyville,TX,76034, (817) 918-3821,8am to 10pm every day. Coffee/juice bar open until 8pm.-95.441234,32.907737,11700 Preston Rd, Dallas,TX,75230, (214) 361-8887,7am_10pm-97.840656,32.815725,2118 Abrams Road, Dallas,TX,75214, (214) 824-1744,7am_10pm. Seven days a week.-96.8019808,32.795383,2510 McKinney Ave, Dallas,TX,75201, (469) 518-5814,7am_10pm seven days a week-96.81539,32.87187,8190 Park Lane, Dallas,TX,75231, (214) 342-4850,7am to 10pm. Seven days a week.-106.5485269,31.8350905,100 Pitt Street, El Paso,TX,79912, (915) 236-1420,8am-10:00pm Seven days a week.-97.743227,33.131104,105 Stacy Road, Fairview,TX,75069, (972) 549-4090,7:30am-10pm seven days a week-97.3838959,32.7006721,3720 Vision Drive, Fort Worth,TX,76109, (682) 316-8040,8am_10pm / Seven days a week-98.510924,32.820519,4100 Lomo Alto Dr, Highland Park,TX,75219, (214) 520-7993,7am to 10pm-97.0846159,33.0731197,4041 Waller Creek, Highland Village,TX,75077, (972) 538-9710,8am_10pm seven days a week. Coffee & juice bars open at 7am.-95.3985,29.8139,101 N Loop W, Houston,TX,77018, (713) 369-800,7:00am _ 9:00pm Seven days a week-95.5622253,29.9990196,10133 Louetta Road, Houston,TX,77070, (281) 803-6396,7am_10pm seven days a week-95.5708563,29.7366348,11041 Westheimer Rd, Houston,TX,77042, (713) 784-7776,7:30am to 10pm. Every day-95.5002747,29.752388,1407 South Voss Rd, Houston,TX,77057, (713) 789-4477,7am to 10pm. Every day-95.4614141,29.7501571,1700 Post Oak Blvd, Houston,TX,77056, (713) 346-0537,7am_10pm seven days a week-98.479774,29.739032,2955 Kirby Dr, Houston,TX,77098, (713) 520-1937,7am to 10pm every day-96.650924,29.706182,4004 Bellaire Blvd, Houston,TX,77025, (713) 667-4090,7am to 10pm every day-97.099182,29.759548,701 Waugh Drive, Houston,TX,77019, (713) 284-1260,7am to 10pm seven days a week-96.96027,32.901662,6741 N MacArthur Blvd, Irving,TX,75039, (469) 845-8001,7:00am - 10:00pm Seven days a week-95.573018,29.712956,6601 S Fry Road, Katy,TX,77494, (281) 769-5670,7am_10pm 7 days a week; coffee bar opens at 7am Katy Station Opens at 12 pm Daily-96.765899,33.029391,2201 Preston Road, Plano,TX,75093, (972) 612-6729,7am_10pm seven days a week-96.6989156,32.9973547,1411 E Renner Road, Richardson,TX,75082, (214) 273-0902,8am_10pm seven days a week-95.770708,29.613418,18403 Blanco Road, San Antonio,TX,78258, (210) 408-3110,Coffee bar open 7am_8pm; Store open 8am_10pm seven days a week; Bar Blanco open 3pm_9:30pm-96.821136,29.493716,255 E. Basse Rd, San Antonio,TX,78209, (210) 826-4676,8am_10pm seven days a week-97.720267,29.59822,15900 Southwest Freeway, Sugar Land,TX,77478, (281) 491-5577,7am to 10pm seven days a week-95.4557724,30.1575203,1925 Hughes Landing Blvd, The Woodlands,TX,77380, (832) 246-5600,7am_10pm. Seven days a week.-111.834237,40.625918,6930 S Highland Drive, Cottonwood Heights,UT,84121, (801) 733-9455,Open 8am-10pm-111.543122,40.72094,1748 W Redstone Center Dr, Park City,UT,84098, (435) 575-0200,Open 7am-10pm-111.858348,40.723448,1131 E Wilmington Ave, Salt Lake City,UT,84106, (801) 359-7913,Open 7:30am to 10pm-111.87114,40.757494,544 South 700 East, Salt Lake City,UT,84102, (801) 924-9060,Open 7am to 10pm-77.059624,38.804246,1700 Duke St, Alexandria,VA,22314, (703) 706-0891,7am to 10pm-77.090769,38.889522,2700 Wilson Blvd, Arlington,VA,22201, (703) 527-6596,7am to 10:30pm seven days a week-77.0548654,38.8628872,520 12th St South, Arlington,VA,22202, (571) 777-3948,7 am - 10 pm-77.4795685,39.0415306,19800 Belmont Chase Drive, Ashburn,VA,20147, (571) 223-4440,7:00am to 10:00pm Seven days a week-78.490366,38.059962,1797 Hydraulic Road, Charlottesville,VA,22901, (434) 973-4900,7:00am to 10:00pm. Seven days a week.-77.376652,38.858435,4501 Market Commons Dr, Fairfax,VA,22033, (703) 222-2058,8am to 10pm seven days a week-77.204086,38.903038,7511 Leesburg Pike, Falls Church,VA,22043, (703) 448-1600,Regular Hours: 8am-10pm-77.600104,37.648609,11173 West Broad Street, Glen Allen,VA,23060, (804) 364-4050,7am to 10pm seven days a week.-76.489654,37.102607,12080 Jefferson Ave, Newport News,VA,23606, (757) 947-2460,8:00 a.m. to 10:00 p.m. Seven days a week.-77.349078,38.95163,11660 Plaza America Dr, Reston,VA,20190, (703) 736-0600,Monday thru Friday 7:30AM - 9PM Saturday & Sunday 8AM - 9PM-77.233997,38.779264,8402 Old Keene Mill Rd, Springfield,VA,22152, (703) 644-2500,8am to 9pm seven days a week-77.263674,38.902595,143 Maple Ave East, Vienna,VA,22180, (703) 319-2000,Open 7:30am to 9:30pm. Seven days a week. Brew & Brau Pub Hours: 11am-9:30pm Last call for food at 8:30pm and alcohol 9:00pm.-76.028025,36.850142,1800 Laskin Road, Virginia Beach,VA,23454, (757) 422-0444,7 am to 9 pm Seven days a week.-122.185534,47.618072,888 116th Ave NE, Bellevue,WA,98004, (425) 462-1400,Store Hours 7am - 10pm-122.4616776,48.7438354,1030 Lakeway Drive, Bellingham,WA,98229, (360) 714-6820,8:00 am to 10:00 pm. Seven days a week.-122.1796231,47.7105043,12501 120th Ave NE, Kirkland,WA,98034, (425) 979-3301,8:00 am to 10:00 pm. Seven days a week-122.2726669,47.8198967,2800 196th St SW, Lynnwood,WA,98036, (425) 775-1320,Store Hours 7am - 10pm-122.100869,47.666515,17991 NE Redmond Way, Redmond,WA,98052, (425) 881-2600,Store Hours 7am - 10pm-122.32134,47.61141,1001 Broadway, Seattle,WA,98122, (206) 802-3720,7:00am - 10:00pm Seven days a week-122.317015,47.675107,1026 NE 64th Street, Seattle,WA,98115, (206) 985-1500,Store Hours 7am - 10pm-122.37713,47.637174,2001 15th Avenue W, Seattle,WA,98119, (206) 352-5440,Store Hours 7am - 10pm (Coffee Bar Opens 6am)-122.3384167,47.6183689,2210 Westlake Ave, Seattle,WA,98121, (206) 621-9700,7:00am - 10:00pm Seven days a week-122.536232,47.2273903,3515 Bridgeport Way West, University Place,WA,98466, (253) 534-4500,8:00 am to 10:00 pm. Seven days a week.-122.507387,45.615538,815 Southeast 160th Avenue, Vancouver,WA,98683, (360) 253-4082,8am - 10pm Daily-89.443819,43.0751,3313 University Ave, Madison,WI,53705, (608) 233-9566,7:30am-10pm Mon-Sun-87.883706,43.060374,2305 N Prospect Ave, Milwaukee,WI,53211, (414) 223-1500,8am to 10pm seven days a week.-88.0517225,43.0748096,11100 W Burleigh Street, Wauwatosa,WI,53222, (414) 808-3600,Store Hours 9:00am-9:00pm